generation,home,outside,alone,together
Z,7.047008547,8.398340249,4.80952381,8.081545064
M,6.320939335,7.952475248,5.58974359,7.810699588
X,5.771889401,7.259259259,5.09375,7.381861575